Temperature - (Celsius),Year,Statistics, Country, ISO3
4.62573,1901, Jan Average, Ireland, IRL
3.09612,1901, Feb Average, Ireland, IRL
4.39261,1901, Mar Average, Ireland, IRL
7.71889,1901, Apr Average, Ireland, IRL
10.7862,1901, May Average, Ireland, IRL
12.3553,1901, Jun Average, Ireland, IRL
15.848,1901, Jul Average, Ireland, IRL
14.287,1901, Aug Average, Ireland, IRL
12.8005,1901, Sep Average, Ireland, IRL
8.86694,1901, Oct Average, Ireland, IRL
6.08482,1901, Nov Average, Ireland, IRL
4.06605,1901, Dec Average, Ireland, IRL
5.21195,1902, Jan Average, Ireland, IRL
3.11647,1902, Feb Average, Ireland, IRL
6.85576,1902, Mar Average, Ireland, IRL
7.26996,1902, Apr Average, Ireland, IRL
8.69152,1902, May Average, Ireland, IRL
12.4125,1902, Jun Average, Ireland, IRL
13.6854,1902, Jul Average, Ireland, IRL
13.538,1902, Aug Average, Ireland, IRL
12.52,1902, Sep Average, Ireland, IRL
9.59462,1902, Oct Average, Ireland, IRL
7.25088,1902, Nov Average, Ireland, IRL
5.46035,1902, Dec Average, Ireland, IRL
4.40977,1903, Jan Average, Ireland, IRL
6.9186,1903, Feb Average, Ireland, IRL
6.05448,1903, Mar Average, Ireland, IRL
6.61424,1903, Apr Average, Ireland, IRL
10.1339,1903, May Average, Ireland, IRL
12.2726,1903, Jun Average, Ireland, IRL
14.0726,1903, Jul Average, Ireland, IRL
12.9531,1903, Aug Average, Ireland, IRL
12.0885,1903, Sep Average, Ireland, IRL
9.36575,1903, Oct Average, Ireland, IRL
6.42585,1903, Nov Average, Ireland, IRL
3.77997,1903, Dec Average, Ireland, IRL
4.70422,1904, Jan Average, Ireland, IRL
3.73489,1904, Feb Average, Ireland, IRL
4.63918,1904, Mar Average, Ireland, IRL
7.92405,1904, Apr Average, Ireland, IRL
9.75156,1904, May Average, Ireland, IRL
12.693,1904, Jun Average, Ireland, IRL
14.6183,1904, Jul Average, Ireland, IRL
13.7779,1904, Aug Average, Ireland, IRL
11.9309,1904, Sep Average, Ireland, IRL
9.49282,1904, Oct Average, Ireland, IRL
6.23034,1904, Nov Average, Ireland, IRL
5.40471,1904, Dec Average, Ireland, IRL
5.47848,1905, Jan Average, Ireland, IRL
5.22429,1905, Feb Average, Ireland, IRL
6.05522,1905, Mar Average, Ireland, IRL
7.20799,1905, Apr Average, Ireland, IRL
10.3966,1905, May Average, Ireland, IRL
13.6429,1905, Jun Average, Ireland, IRL
15.613,1905, Jul Average, Ireland, IRL
13.3699,1905, Aug Average, Ireland, IRL
11.4663,1905, Sep Average, Ireland, IRL
7.25498,1905, Oct Average, Ireland, IRL
4.79881,1905, Nov Average, Ireland, IRL
6.88609,1905, Dec Average, Ireland, IRL
5.57043,1906, Jan Average, Ireland, IRL
3.54592,1906, Feb Average, Ireland, IRL
5.56932,1906, Mar Average, Ireland, IRL
6.66904,1906, Apr Average, Ireland, IRL
9.29137,1906, May Average, Ireland, IRL
13.4665,1906, Jun Average, Ireland, IRL
14.1468,1906, Jul Average, Ireland, IRL
15.2407,1906, Aug Average, Ireland, IRL
12.8339,1906, Sep Average, Ireland, IRL
9.54937,1906, Oct Average, Ireland, IRL
7.20223,1906, Nov Average, Ireland, IRL
4.27197,1906, Dec Average, Ireland, IRL
4.63812,1907, Jan Average, Ireland, IRL
3.66831,1907, Feb Average, Ireland, IRL
6.88037,1907, Mar Average, Ireland, IRL
7.15551,1907, Apr Average, Ireland, IRL
9.28836,1907, May Average, Ireland, IRL
11.31,1907, Jun Average, Ireland, IRL
14.111,1907, Jul Average, Ireland, IRL
13.2616,1907, Aug Average, Ireland, IRL
13.3054,1907, Sep Average, Ireland, IRL
8.74998,1907, Oct Average, Ireland, IRL
5.9908,1907, Nov Average, Ireland, IRL
5.06174,1907, Dec Average, Ireland, IRL
4.22989,1908, Jan Average, Ireland, IRL
6.23498,1908, Feb Average, Ireland, IRL
4.73418,1908, Mar Average, Ireland, IRL
6.2396,1908, Apr Average, Ireland, IRL
11.2432,1908, May Average, Ireland, IRL
12.709,1908, Jun Average, Ireland, IRL
14.7092,1908, Jul Average, Ireland, IRL
13.8718,1908, Aug Average, Ireland, IRL
12.0022,1908, Sep Average, Ireland, IRL
11.8189,1908, Oct Average, Ireland, IRL
8.06137,1908, Nov Average, Ireland, IRL
5.80742,1908, Dec Average, Ireland, IRL
5.26038,1909, Jan Average, Ireland, IRL
4.93063,1909, Feb Average, Ireland, IRL
4.12543,1909, Mar Average, Ireland, IRL
8.22992,1909, Apr Average, Ireland, IRL
10.2709,1909, May Average, Ireland, IRL
11.7834,1909, Jun Average, Ireland, IRL
13.7932,1909, Jul Average, Ireland, IRL
14.4277,1909, Aug Average, Ireland, IRL
11.4073,1909, Sep Average, Ireland, IRL
9.50293,1909, Oct Average, Ireland, IRL
4.79166,1909, Nov Average, Ireland, IRL
4.24766,1909, Dec Average, Ireland, IRL
4.21492,1910, Jan Average, Ireland, IRL
4.87823,1910, Feb Average, Ireland, IRL
6.18375,1910, Mar Average, Ireland, IRL
6.69546,1910, Apr Average, Ireland, IRL
10.2469,1910, May Average, Ireland, IRL
13.1419,1910, Jun Average, Ireland, IRL
13.7378,1910, Jul Average, Ireland, IRL
14.02,1910, Aug Average, Ireland, IRL
11.9018,1910, Sep Average, Ireland, IRL
10.0856,1910, Oct Average, Ireland, IRL
4.42809,1910, Nov Average, Ireland, IRL
6.12557,1910, Dec Average, Ireland, IRL
4.62208,1911, Jan Average, Ireland, IRL
5.05592,1911, Feb Average, Ireland, IRL
5.32744,1911, Mar Average, Ireland, IRL
7.40528,1911, Apr Average, Ireland, IRL
11.5172,1911, May Average, Ireland, IRL
13.1651,1911, Jun Average, Ireland, IRL
15.8623,1911, Jul Average, Ireland, IRL
15.7421,1911, Aug Average, Ireland, IRL
12.3319,1911, Sep Average, Ireland, IRL
9.29261,1911, Oct Average, Ireland, IRL
5.59859,1911, Nov Average, Ireland, IRL
5.81171,1911, Dec Average, Ireland, IRL
4.77734,1912, Jan Average, Ireland, IRL
5.32986,1912, Feb Average, Ireland, IRL
6.8583,1912, Mar Average, Ireland, IRL
8.61077,1912, Apr Average, Ireland, IRL
10.8594,1912, May Average, Ireland, IRL
12.384,1912, Jun Average, Ireland, IRL
13.8064,1912, Jul Average, Ireland, IRL
11.5506,1912, Aug Average, Ireland, IRL
10.8823,1912, Sep Average, Ireland, IRL
8.29324,1912, Oct Average, Ireland, IRL
6.60743,1912, Nov Average, Ireland, IRL
6.59386,1912, Dec Average, Ireland, IRL
4.78763,1913, Jan Average, Ireland, IRL
5.20874,1913, Feb Average, Ireland, IRL
5.43945,1913, Mar Average, Ireland, IRL
7.39137,1913, Apr Average, Ireland, IRL
9.98042,1913, May Average, Ireland, IRL
12.2773,1913, Jun Average, Ireland, IRL
13.7821,1913, Jul Average, Ireland, IRL
14.3464,1913, Aug Average, Ireland, IRL
12.7537,1913, Sep Average, Ireland, IRL
10.3483,1913, Oct Average, Ireland, IRL
7.75781,1913, Nov Average, Ireland, IRL
5.27673,1913, Dec Average, Ireland, IRL
4.65437,1914, Jan Average, Ireland, IRL
6.24456,1914, Feb Average, Ireland, IRL
5.76951,1914, Mar Average, Ireland, IRL
8.87508,1914, Apr Average, Ireland, IRL
10.1136,1914, May Average, Ireland, IRL
13.2411,1914, Jun Average, Ireland, IRL
14.55,1914, Jul Average, Ireland, IRL
14.8573,1914, Aug Average, Ireland, IRL
12.6898,1914, Sep Average, Ireland, IRL
9.99924,1914, Oct Average, Ireland, IRL
6.56298,1914, Nov Average, Ireland, IRL
3.96841,1914, Dec Average, Ireland, IRL
4.017,1915, Jan Average, Ireland, IRL
3.73541,1915, Feb Average, Ireland, IRL
5.33197,1915, Mar Average, Ireland, IRL
8.02059,1915, Apr Average, Ireland, IRL
10.1432,1915, May Average, Ireland, IRL
13.1406,1915, Jun Average, Ireland, IRL
13.5915,1915, Jul Average, Ireland, IRL
14.1435,1915, Aug Average, Ireland, IRL
13.0144,1915, Sep Average, Ireland, IRL
9.32656,1915, Oct Average, Ireland, IRL
4.01785,1915, Nov Average, Ireland, IRL
4.95841,1915, Dec Average, Ireland, IRL
6.69385,1916, Jan Average, Ireland, IRL
3.81999,1916, Feb Average, Ireland, IRL
3.74623,1916, Mar Average, Ireland, IRL
7.33337,1916, Apr Average, Ireland, IRL
10.1404,1916, May Average, Ireland, IRL
11.4533,1916, Jun Average, Ireland, IRL
14.5781,1916, Jul Average, Ireland, IRL
15.499,1916, Aug Average, Ireland, IRL
12.9129,1916, Sep Average, Ireland, IRL
10.0326,1916, Oct Average, Ireland, IRL
7.10109,1916, Nov Average, Ireland, IRL
3.20691,1916, Dec Average, Ireland, IRL
2.48303,1917, Jan Average, Ireland, IRL
2.74129,1917, Feb Average, Ireland, IRL
4.41911,1917, Mar Average, Ireland, IRL
5.56653,1917, Apr Average, Ireland, IRL
11.042,1917, May Average, Ireland, IRL
12.7533,1917, Jun Average, Ireland, IRL
15.1762,1917, Jul Average, Ireland, IRL
14.4401,1917, Aug Average, Ireland, IRL
12.8568,1917, Sep Average, Ireland, IRL
7.34889,1917, Oct Average, Ireland, IRL
8.08204,1917, Nov Average, Ireland, IRL
3.73483,1917, Dec Average, Ireland, IRL
4.49633,1918, Jan Average, Ireland, IRL
7.13419,1918, Feb Average, Ireland, IRL
6.0244,1918, Mar Average, Ireland, IRL
7.01279,1918, Apr Average, Ireland, IRL
11.3597,1918, May Average, Ireland, IRL
12.6518,1918, Jun Average, Ireland, IRL
14.1333,1918, Jul Average, Ireland, IRL
14.7456,1918, Aug Average, Ireland, IRL
10.6996,1918, Sep Average, Ireland, IRL
8.4131,1918, Oct Average, Ireland, IRL
6.18596,1918, Nov Average, Ireland, IRL
7.02133,1918, Dec Average, Ireland, IRL
3.78643,1919, Jan Average, Ireland, IRL
3.60761,1919, Feb Average, Ireland, IRL
3.67733,1919, Mar Average, Ireland, IRL
7.3597,1919, Apr Average, Ireland, IRL
11.8058,1919, May Average, Ireland, IRL
12.6091,1919, Jun Average, Ireland, IRL
13.396,1919, Jul Average, Ireland, IRL
14.6736,1919, Aug Average, Ireland, IRL
11.7224,1919, Sep Average, Ireland, IRL
8.8851,1919, Oct Average, Ireland, IRL
3.35777,1919, Nov Average, Ireland, IRL
5.74966,1919, Dec Average, Ireland, IRL
5.22747,1920, Jan Average, Ireland, IRL
6.49171,1920, Feb Average, Ireland, IRL
6.12674,1920, Mar Average, Ireland, IRL
7.30869,1920, Apr Average, Ireland, IRL
10.3564,1920, May Average, Ireland, IRL
13.0149,1920, Jun Average, Ireland, IRL
13.0035,1920, Jul Average, Ireland, IRL
13.0697,1920, Aug Average, Ireland, IRL
12.3374,1920, Sep Average, Ireland, IRL
10.6261,1920, Oct Average, Ireland, IRL
8.22869,1920, Nov Average, Ireland, IRL
4.55434,1920, Dec Average, Ireland, IRL
7.21088,1921, Jan Average, Ireland, IRL
5.59777,1921, Feb Average, Ireland, IRL
6.85055,1921, Mar Average, Ireland, IRL
8.01726,1921, Apr Average, Ireland, IRL
10.0252,1921, May Average, Ireland, IRL
13.655,1921, Jun Average, Ireland, IRL
16.7547,1921, Jul Average, Ireland, IRL
13.6777,1921, Aug Average, Ireland, IRL
13.044,1921, Sep Average, Ireland, IRL
11.942,1921, Oct Average, Ireland, IRL
7.45249,1921, Nov Average, Ireland, IRL
7.56724,1921, Dec Average, Ireland, IRL
5.00694,1922, Jan Average, Ireland, IRL
5.8101,1922, Feb Average, Ireland, IRL
5.52801,1922, Mar Average, Ireland, IRL
5.39001,1922, Apr Average, Ireland, IRL
11.1404,1922, May Average, Ireland, IRL
12.4058,1922, Jun Average, Ireland, IRL
12.5044,1922, Jul Average, Ireland, IRL
12.7304,1922, Aug Average, Ireland, IRL
11.5747,1922, Sep Average, Ireland, IRL
8.6887,1922, Oct Average, Ireland, IRL
6.95788,1922, Nov Average, Ireland, IRL
5.64437,1922, Dec Average, Ireland, IRL
6.20559,1923, Jan Average, Ireland, IRL
6.13885,1923, Feb Average, Ireland, IRL
6.63396,1923, Mar Average, Ireland, IRL
7.1038,1923, Apr Average, Ireland, IRL
8.57999,1923, May Average, Ireland, IRL
12.4257,1923, Jun Average, Ireland, IRL
15.4981,1923, Jul Average, Ireland, IRL
13.8027,1923, Aug Average, Ireland, IRL
11.4361,1923, Sep Average, Ireland, IRL
9.19357,1923, Oct Average, Ireland, IRL
3.83164,1923, Nov Average, Ireland, IRL
5.41412,1923, Dec Average, Ireland, IRL
5.75856,1924, Jan Average, Ireland, IRL
4.58943,1924, Feb Average, Ireland, IRL
4.9955,1924, Mar Average, Ireland, IRL
6.63761,1924, Apr Average, Ireland, IRL
10.0955,1924, May Average, Ireland, IRL
12.9221,1924, Jun Average, Ireland, IRL
13.8625,1924, Jul Average, Ireland, IRL
13.3345,1924, Aug Average, Ireland, IRL
11.7126,1924, Sep Average, Ireland, IRL
9.48352,1924, Oct Average, Ireland, IRL
7.47692,1924, Nov Average, Ireland, IRL
7.13281,1924, Dec Average, Ireland, IRL
6.0131,1925, Jan Average, Ireland, IRL
4.60282,1925, Feb Average, Ireland, IRL
5.47856,1925, Mar Average, Ireland, IRL
6.92818,1925, Apr Average, Ireland, IRL
9.69695,1925, May Average, Ireland, IRL
13.7345,1925, Jun Average, Ireland, IRL
14.7035,1925, Jul Average, Ireland, IRL
14.3516,1925, Aug Average, Ireland, IRL
11.1191,1925, Sep Average, Ireland, IRL
10.3191,1925, Oct Average, Ireland, IRL
4.57598,1925, Nov Average, Ireland, IRL
4.03004,1925, Dec Average, Ireland, IRL
5.70559,1926, Jan Average, Ireland, IRL
6.82563,1926, Feb Average, Ireland, IRL
6.62473,1926, Mar Average, Ireland, IRL
8.96821,1926, Apr Average, Ireland, IRL
9.54959,1926, May Average, Ireland, IRL
12.4818,1926, Jun Average, Ireland, IRL
15.9007,1926, Jul Average, Ireland, IRL
15.2737,1926, Aug Average, Ireland, IRL
13.3283,1926, Sep Average, Ireland, IRL
8.13415,1926, Oct Average, Ireland, IRL
5.61193,1926, Nov Average, Ireland, IRL
4.93864,1926, Dec Average, Ireland, IRL
4.9638,1927, Jan Average, Ireland, IRL
5.57372,1927, Feb Average, Ireland, IRL
7.01898,1927, Mar Average, Ireland, IRL
7.78057,1927, Apr Average, Ireland, IRL
10.4632,1927, May Average, Ireland, IRL
11.197,1927, Jun Average, Ireland, IRL
14.8593,1927, Jul Average, Ireland, IRL
14.4424,1927, Aug Average, Ireland, IRL
11.5669,1927, Sep Average, Ireland, IRL
10.2901,1927, Oct Average, Ireland, IRL
6.28452,1927, Nov Average, Ireland, IRL
3.87327,1927, Dec Average, Ireland, IRL
5.64152,1928, Jan Average, Ireland, IRL
6.51969,1928, Feb Average, Ireland, IRL
5.88041,1928, Mar Average, Ireland, IRL
7.54866,1928, Apr Average, Ireland, IRL
10.5523,1928, May Average, Ireland, IRL
11.8976,1928, Jun Average, Ireland, IRL
14.3212,1928, Jul Average, Ireland, IRL
13.8889,1928, Aug Average, Ireland, IRL
11.9358,1928, Sep Average, Ireland, IRL
10.2152,1928, Oct Average, Ireland, IRL
7.37329,1928, Nov Average, Ireland, IRL
5.05856,1928, Dec Average, Ireland, IRL
3.49977,1929, Jan Average, Ireland, IRL
4.35184,1929, Feb Average, Ireland, IRL
7.03652,1929, Mar Average, Ireland, IRL
7.26638,1929, Apr Average, Ireland, IRL
10.436,1929, May Average, Ireland, IRL
12.3021,1929, Jun Average, Ireland, IRL
14.5248,1929, Jul Average, Ireland, IRL
14.0824,1929, Aug Average, Ireland, IRL
13.8888,1929, Sep Average, Ireland, IRL
9.22869,1929, Oct Average, Ireland, IRL
6.69372,1929, Nov Average, Ireland, IRL
5.53346,1929, Dec Average, Ireland, IRL
4.75161,1930, Jan Average, Ireland, IRL
2.50306,1930, Feb Average, Ireland, IRL
5.46668,1930, Mar Average, Ireland, IRL
7.81685,1930, Apr Average, Ireland, IRL
10.3661,1930, May Average, Ireland, IRL
13.4042,1930, Jun Average, Ireland, IRL
14.1766,1930, Jul Average, Ireland, IRL
13.7727,1930, Aug Average, Ireland, IRL
12.6469,1930, Sep Average, Ireland, IRL
10.0082,1930, Oct Average, Ireland, IRL
6.14231,1930, Nov Average, Ireland, IRL
5.46356,1930, Dec Average, Ireland, IRL
4.38375,1931, Jan Average, Ireland, IRL
4.83871,1931, Feb Average, Ireland, IRL
5.27885,1931, Mar Average, Ireland, IRL
7.75112,1931, Apr Average, Ireland, IRL
10.2433,1931, May Average, Ireland, IRL
13.2908,1931, Jun Average, Ireland, IRL
14.0221,1931, Jul Average, Ireland, IRL
13.7636,1931, Aug Average, Ireland, IRL
11.6227,1931, Sep Average, Ireland, IRL
9.27849,1931, Oct Average, Ireland, IRL
7.66408,1931, Nov Average, Ireland, IRL
6.74492,1931, Dec Average, Ireland, IRL
7.02945,1932, Jan Average, Ireland, IRL
4.49474,1932, Feb Average, Ireland, IRL
5.59675,1932, Mar Average, Ireland, IRL
6.65846,1932, Apr Average, Ireland, IRL
9.82129,1932, May Average, Ireland, IRL
13.7025,1932, Jun Average, Ireland, IRL
14.8387,1932, Jul Average, Ireland, IRL
15.2989,1932, Aug Average, Ireland, IRL
12.2365,1932, Sep Average, Ireland, IRL
8.64857,1932, Oct Average, Ireland, IRL
7.1054,1932, Nov Average, Ireland, IRL
6.32343,1932, Dec Average, Ireland, IRL
3.63055,1933, Jan Average, Ireland, IRL
4.68736,1933, Feb Average, Ireland, IRL
7.22822,1933, Mar Average, Ireland, IRL
9.05124,1933, Apr Average, Ireland, IRL
11.1443,1933, May Average, Ireland, IRL
13.8871,1933, Jun Average, Ireland, IRL
16.1481,1933, Jul Average, Ireland, IRL
15.7578,1933, Aug Average, Ireland, IRL
14.0132,1933, Sep Average, Ireland, IRL
10.0936,1933, Oct Average, Ireland, IRL
6.06038,1933, Nov Average, Ireland, IRL
4.03331,1933, Dec Average, Ireland, IRL
5.85534,1934, Jan Average, Ireland, IRL
5.09477,1934, Feb Average, Ireland, IRL
5.50059,1934, Mar Average, Ireland, IRL
6.9447,1934, Apr Average, Ireland, IRL
10.2075,1934, May Average, Ireland, IRL
14.0556,1934, Jun Average, Ireland, IRL
16.6667,1934, Jul Average, Ireland, IRL
13.9554,1934, Aug Average, Ireland, IRL
12.895,1934, Sep Average, Ireland, IRL
9.83575,1934, Oct Average, Ireland, IRL
6.4104,1934, Nov Average, Ireland, IRL
8.04009,1934, Dec Average, Ireland, IRL
5.47167,1935, Jan Average, Ireland, IRL
5.91678,1935, Feb Average, Ireland, IRL
6.99591,1935, Mar Average, Ireland, IRL
7.72613,1935, Apr Average, Ireland, IRL
10.081,1935, May Average, Ireland, IRL
13.1344,1935, Jun Average, Ireland, IRL
15.1848,1935, Jul Average, Ireland, IRL
15.044,1935, Aug Average, Ireland, IRL
12.6601,1935, Sep Average, Ireland, IRL
9.27868,1935, Oct Average, Ireland, IRL
5.94978,1935, Nov Average, Ireland, IRL
3.66581,1935, Dec Average, Ireland, IRL
3.70691,1936, Jan Average, Ireland, IRL
4.39147,1936, Feb Average, Ireland, IRL
6.87196,1936, Mar Average, Ireland, IRL
6.53257,1936, Apr Average, Ireland, IRL
10.4353,1936, May Average, Ireland, IRL
13.2514,1936, Jun Average, Ireland, IRL
14.224,1936, Jul Average, Ireland, IRL
15.2145,1936, Aug Average, Ireland, IRL
13.4708,1936, Sep Average, Ireland, IRL
10.1862,1936, Oct Average, Ireland, IRL
6.07623,1936, Nov Average, Ireland, IRL
6.05368,1936, Dec Average, Ireland, IRL
5.4504,1937, Jan Average, Ireland, IRL
5.38646,1937, Feb Average, Ireland, IRL
3.60127,1937, Mar Average, Ireland, IRL
8.94339,1937, Apr Average, Ireland, IRL
10.947,1937, May Average, Ireland, IRL
12.8936,1937, Jun Average, Ireland, IRL
14.3911,1937, Jul Average, Ireland, IRL
15.2155,1937, Aug Average, Ireland, IRL
12.3771,1937, Sep Average, Ireland, IRL
9.22467,1937, Oct Average, Ireland, IRL
6.41679,1937, Nov Average, Ireland, IRL
3.95432,1937, Dec Average, Ireland, IRL
5.77214,1938, Jan Average, Ireland, IRL
5.68013,1938, Feb Average, Ireland, IRL
8.71245,1938, Mar Average, Ireland, IRL
7.77668,1938, Apr Average, Ireland, IRL
10.0188,1938, May Average, Ireland, IRL
12.613,1938, Jun Average, Ireland, IRL
13.5104,1938, Jul Average, Ireland, IRL
14.3677,1938, Aug Average, Ireland, IRL
12.8985,1938, Sep Average, Ireland, IRL
10.1368,1938, Oct Average, Ireland, IRL
8.6856,1938, Nov Average, Ireland, IRL
4.70217,1938, Dec Average, Ireland, IRL
4.13103,1939, Jan Average, Ireland, IRL
6.41612,1939, Feb Average, Ireland, IRL
6.36921,1939, Mar Average, Ireland, IRL
8.23112,1939, Apr Average, Ireland, IRL
10.8865,1939, May Average, Ireland, IRL
13.4579,1939, Jun Average, Ireland, IRL
14.0891,1939, Jul Average, Ireland, IRL
14.955,1939, Aug Average, Ireland, IRL
13.1386,1939, Sep Average, Ireland, IRL
8.50521,1939, Oct Average, Ireland, IRL
8.4071,1939, Nov Average, Ireland, IRL
4.29252,1939, Dec Average, Ireland, IRL
2.31094,1940, Jan Average, Ireland, IRL
5.25978,1940, Feb Average, Ireland, IRL
6.56187,1940, Mar Average, Ireland, IRL
8.73154,1940, Apr Average, Ireland, IRL
11.4613,1940, May Average, Ireland, IRL
15.0305,1940, Jun Average, Ireland, IRL
13.6907,1940, Jul Average, Ireland, IRL
15.0184,1940, Aug Average, Ireland, IRL
12.2846,1940, Sep Average, Ireland, IRL
9.61084,1940, Oct Average, Ireland, IRL
6.92042,1940, Nov Average, Ireland, IRL
5.04085,1940, Dec Average, Ireland, IRL
1.95546,1941, Jan Average, Ireland, IRL
3.95635,1941, Feb Average, Ireland, IRL
5.42349,1941, Mar Average, Ireland, IRL
6.54671,1941, Apr Average, Ireland, IRL
9.1875,1941, May Average, Ireland, IRL
13.6516,1941, Jun Average, Ireland, IRL
14.6056,1941, Jul Average, Ireland, IRL
13.8816,1941, Aug Average, Ireland, IRL
14.4137,1941, Sep Average, Ireland, IRL
10.6407,1941, Oct Average, Ireland, IRL
6.8038,1941, Nov Average, Ireland, IRL
6.75151,1941, Dec Average, Ireland, IRL
4.28516,1942, Jan Average, Ireland, IRL
3.23101,1942, Feb Average, Ireland, IRL
6.55083,1942, Mar Average, Ireland, IRL
9.04925,1942, Apr Average, Ireland, IRL
10.383,1942, May Average, Ireland, IRL
13.0538,1942, Jun Average, Ireland, IRL
14.3097,1942, Jul Average, Ireland, IRL
14.8643,1942, Aug Average, Ireland, IRL
12.3634,1942, Sep Average, Ireland, IRL
9.34319,1942, Oct Average, Ireland, IRL
5.17422,1942, Nov Average, Ireland, IRL
7.32074,1942, Dec Average, Ireland, IRL
5.81461,1943, Jan Average, Ireland, IRL
6.81251,1943, Feb Average, Ireland, IRL
7.17425,1943, Mar Average, Ireland, IRL
9.76317,1943, Apr Average, Ireland, IRL
10.3951,1943, May Average, Ireland, IRL
13.146,1943, Jun Average, Ireland, IRL
14.8794,1943, Jul Average, Ireland, IRL
14.2064,1943, Aug Average, Ireland, IRL
12.1276,1943, Sep Average, Ireland, IRL
10.3866,1943, Oct Average, Ireland, IRL
7.0513,1943, Nov Average, Ireland, IRL
5.10733,1943, Dec Average, Ireland, IRL
7.16677,1944, Jan Average, Ireland, IRL
4.80043,1944, Feb Average, Ireland, IRL
5.94597,1944, Mar Average, Ireland, IRL
9.77569,1944, Apr Average, Ireland, IRL
10.6067,1944, May Average, Ireland, IRL
12.7379,1944, Jun Average, Ireland, IRL
15.1271,1944, Jul Average, Ireland, IRL
15.3547,1944, Aug Average, Ireland, IRL
11.7094,1944, Sep Average, Ireland, IRL
8.75915,1944, Oct Average, Ireland, IRL
6.58563,1944, Nov Average, Ireland, IRL
5.60909,1944, Dec Average, Ireland, IRL
1.82498,1945, Jan Average, Ireland, IRL
7.39051,1945, Feb Average, Ireland, IRL
8.49811,1945, Mar Average, Ireland, IRL
9.63046,1945, Apr Average, Ireland, IRL
10.9513,1945, May Average, Ireland, IRL
13.2252,1945, Jun Average, Ireland, IRL
14.8899,1945, Jul Average, Ireland, IRL
15.011,1945, Aug Average, Ireland, IRL
13.7629,1945, Sep Average, Ireland, IRL
11.5412,1945, Oct Average, Ireland, IRL
8.1233,1945, Nov Average, Ireland, IRL
6.90872,1945, Dec Average, Ireland, IRL
4.83116,1946, Jan Average, Ireland, IRL
6.36771,1946, Feb Average, Ireland, IRL
6.1057,1946, Mar Average, Ireland, IRL
8.79716,1946, Apr Average, Ireland, IRL
10.1624,1946, May Average, Ireland, IRL
12.0497,1946, Jun Average, Ireland, IRL
14.2268,1946, Jul Average, Ireland, IRL
13.1968,1946, Aug Average, Ireland, IRL
12.7633,1946, Sep Average, Ireland, IRL
10.2588,1946, Oct Average, Ireland, IRL
7.73409,1946, Nov Average, Ireland, IRL
4.29038,1946, Dec Average, Ireland, IRL
3.8065,1947, Jan Average, Ireland, IRL
0.50549,1947, Feb Average, Ireland, IRL
4.32147,1947, Mar Average, Ireland, IRL
8.06714,1947, Apr Average, Ireland, IRL
10.8792,1947, May Average, Ireland, IRL
13.3752,1947, Jun Average, Ireland, IRL
14.2795,1947, Jul Average, Ireland, IRL
16.8535,1947, Aug Average, Ireland, IRL
13.4961,1947, Sep Average, Ireland, IRL
10.9995,1947, Oct Average, Ireland, IRL
7.58122,1947, Nov Average, Ireland, IRL
5.60642,1947, Dec Average, Ireland, IRL
4.82574,1948, Jan Average, Ireland, IRL
5.41635,1948, Feb Average, Ireland, IRL
8.79543,1948, Mar Average, Ireland, IRL
8.44975,1948, Apr Average, Ireland, IRL
10.3931,1948, May Average, Ireland, IRL
12.3047,1948, Jun Average, Ireland, IRL
14.3759,1948, Jul Average, Ireland, IRL
14.1008,1948, Aug Average, Ireland, IRL
12.7446,1948, Sep Average, Ireland, IRL
10.1926,1948, Oct Average, Ireland, IRL
9.01727,1948, Nov Average, Ireland, IRL
6.36169,1948, Dec Average, Ireland, IRL
6.37613,1949, Jan Average, Ireland, IRL
6.77878,1949, Feb Average, Ireland, IRL
6.64531,1949, Mar Average, Ireland, IRL
9.21529,1949, Apr Average, Ireland, IRL
10.2138,1949, May Average, Ireland, IRL
14.1188,1949, Jun Average, Ireland, IRL
15.7136,1949, Jul Average, Ireland, IRL
15.237,1949, Aug Average, Ireland, IRL
14.5897,1949, Sep Average, Ireland, IRL
11.1631,1949, Oct Average, Ireland, IRL
7.08306,1949, Nov Average, Ireland, IRL
5.96202,1949, Dec Average, Ireland, IRL
5.71171,1950, Jan Average, Ireland, IRL
5.28671,1950, Feb Average, Ireland, IRL
7.70233,1950, Mar Average, Ireland, IRL
7.5629,1950, Apr Average, Ireland, IRL
11.0313,1950, May Average, Ireland, IRL
14.3912,1950, Jun Average, Ireland, IRL
14.7347,1950, Jul Average, Ireland, IRL
14.0315,1950, Aug Average, Ireland, IRL
11.7762,1950, Sep Average, Ireland, IRL
9.48825,1950, Oct Average, Ireland, IRL
5.31819,1950, Nov Average, Ireland, IRL
2.31241,1950, Dec Average, Ireland, IRL
4.13954,1951, Jan Average, Ireland, IRL
3.2968,1951, Feb Average, Ireland, IRL
4.78464,1951, Mar Average, Ireland, IRL
6.70776,1951, Apr Average, Ireland, IRL
9.24275,1951, May Average, Ireland, IRL
12.9946,1951, Jun Average, Ireland, IRL
14.9754,1951, Jul Average, Ireland, IRL
13.7298,1951, Aug Average, Ireland, IRL
12.9834,1951, Sep Average, Ireland, IRL
10.5423,1951, Oct Average, Ireland, IRL
7.62892,1951, Nov Average, Ireland, IRL
5.79216,1951, Dec Average, Ireland, IRL
3.34439,1952, Jan Average, Ireland, IRL
4.59827,1952, Feb Average, Ireland, IRL
7.09308,1952, Mar Average, Ireland, IRL
8.77611,1952, Apr Average, Ireland, IRL
11.8522,1952, May Average, Ireland, IRL
12.8894,1952, Jun Average, Ireland, IRL
15.3297,1952, Jul Average, Ireland, IRL
14.6628,1952, Aug Average, Ireland, IRL
10.6103,1952, Sep Average, Ireland, IRL
9.2365,1952, Oct Average, Ireland, IRL
5.44043,1952, Nov Average, Ireland, IRL
4.50128,1952, Dec Average, Ireland, IRL
4.98111,1953, Jan Average, Ireland, IRL
5.60624,1953, Feb Average, Ireland, IRL
5.93432,1953, Mar Average, Ireland, IRL
6.90325,1953, Apr Average, Ireland, IRL
11.7981,1953, May Average, Ireland, IRL
13.2293,1953, Jun Average, Ireland, IRL
14.3473,1953, Jul Average, Ireland, IRL
14.516,1953, Aug Average, Ireland, IRL
13.3258,1953, Sep Average, Ireland, IRL
9.66505,1953, Oct Average, Ireland, IRL
8.09013,1953, Nov Average, Ireland, IRL
7.42976,1953, Dec Average, Ireland, IRL
4.41506,1954, Jan Average, Ireland, IRL
4.22225,1954, Feb Average, Ireland, IRL
6.29403,1954, Mar Average, Ireland, IRL
8.16089,1954, Apr Average, Ireland, IRL
10.4563,1954, May Average, Ireland, IRL
12.4373,1954, Jun Average, Ireland, IRL
13.2736,1954, Jul Average, Ireland, IRL
13.35,1954, Aug Average, Ireland, IRL
11.5561,1954, Sep Average, Ireland, IRL
11.1542,1954, Oct Average, Ireland, IRL
6.49537,1954, Nov Average, Ireland, IRL
7.06084,1954, Dec Average, Ireland, IRL
3.75175,1955, Jan Average, Ireland, IRL
2.02637,1955, Feb Average, Ireland, IRL
3.8397,1955, Mar Average, Ireland, IRL
9.22944,1955, Apr Average, Ireland, IRL
9.40225,1955, May Average, Ireland, IRL
12.7899,1955, Jun Average, Ireland, IRL
16.0518,1955, Jul Average, Ireland, IRL
16.5938,1955, Aug Average, Ireland, IRL
13.6737,1955, Sep Average, Ireland, IRL
8.84315,1955, Oct Average, Ireland, IRL
7.68367,1955, Nov Average, Ireland, IRL
6.54641,1955, Dec Average, Ireland, IRL
4.13269,1956, Jan Average, Ireland, IRL
2.18117,1956, Feb Average, Ireland, IRL
7.28146,1956, Mar Average, Ireland, IRL
7.67198,1956, Apr Average, Ireland, IRL
10.9228,1956, May Average, Ireland, IRL
12.4039,1956, Jun Average, Ireland, IRL
14.2968,1956, Jul Average, Ireland, IRL
12.6747,1956, Aug Average, Ireland, IRL
13.1164,1956, Sep Average, Ireland, IRL
9.57401,1956, Oct Average, Ireland, IRL
7.12687,1956, Nov Average, Ireland, IRL
6.65296,1956, Dec Average, Ireland, IRL
5.50374,1957, Jan Average, Ireland, IRL
5.05653,1957, Feb Average, Ireland, IRL
9.29203,1957, Mar Average, Ireland, IRL
8.37459,1957, Apr Average, Ireland, IRL
10.3613,1957, May Average, Ireland, IRL
13.6127,1957, Jun Average, Ireland, IRL
14.8274,1957, Jul Average, Ireland, IRL
14.3713,1957, Aug Average, Ireland, IRL
11.9674,1957, Sep Average, Ireland, IRL
10.2073,1957, Oct Average, Ireland, IRL
6.52369,1957, Nov Average, Ireland, IRL
5.53895,1957, Dec Average, Ireland, IRL
4.70374,1958, Jan Average, Ireland, IRL
5.5116,1958, Feb Average, Ireland, IRL
4.63422,1958, Mar Average, Ireland, IRL
7.74663,1958, Apr Average, Ireland, IRL
9.73484,1958, May Average, Ireland, IRL
12.5568,1958, Jun Average, Ireland, IRL
14.3831,1958, Jul Average, Ireland, IRL
14.4573,1958, Aug Average, Ireland, IRL
13.9128,1958, Sep Average, Ireland, IRL
10.5963,1958, Oct Average, Ireland, IRL
8.01751,1958, Nov Average, Ireland, IRL
5.00119,1958, Dec Average, Ireland, IRL
3.1172,1959, Jan Average, Ireland, IRL
6.35251,1959, Feb Average, Ireland, IRL
7.31779,1959, Mar Average, Ireland, IRL
8.52938,1959, Apr Average, Ireland, IRL
11.6001,1959, May Average, Ireland, IRL
13.7374,1959, Jun Average, Ireland, IRL
15.2961,1959, Jul Average, Ireland, IRL
15.4335,1959, Aug Average, Ireland, IRL
14.0324,1959, Sep Average, Ireland, IRL
11.9337,1959, Oct Average, Ireland, IRL
6.95543,1959, Nov Average, Ireland, IRL
5.90324,1959, Dec Average, Ireland, IRL
4.72287,1960, Jan Average, Ireland, IRL
3.72573,1960, Feb Average, Ireland, IRL
6.89802,1960, Mar Average, Ireland, IRL
8.7356,1960, Apr Average, Ireland, IRL
11.8297,1960, May Average, Ireland, IRL
14.3377,1960, Jun Average, Ireland, IRL
14.0851,1960, Jul Average, Ireland, IRL
13.8701,1960, Aug Average, Ireland, IRL
12.1116,1960, Sep Average, Ireland, IRL
9.52845,1960, Oct Average, Ireland, IRL
6.82156,1960, Nov Average, Ireland, IRL
4.00238,1960, Dec Average, Ireland, IRL
4.34907,1961, Jan Average, Ireland, IRL
7.36507,1961, Feb Average, Ireland, IRL
8.4188,1961, Mar Average, Ireland, IRL
9.16428,1961, Apr Average, Ireland, IRL
10.4008,1961, May Average, Ireland, IRL
12.7331,1961, Jun Average, Ireland, IRL
13.6463,1961, Jul Average, Ireland, IRL
13.8324,1961, Aug Average, Ireland, IRL
13.0157,1961, Sep Average, Ireland, IRL
9.60803,1961, Oct Average, Ireland, IRL
6.35094,1961, Nov Average, Ireland, IRL
3.58999,1961, Dec Average, Ireland, IRL
4.7014,1962, Jan Average, Ireland, IRL
5.28604,1962, Feb Average, Ireland, IRL
3.7899,1962, Mar Average, Ireland, IRL
7.5448,1962, Apr Average, Ireland, IRL
9.75407,1962, May Average, Ireland, IRL
12.0812,1962, Jun Average, Ireland, IRL
13.7738,1962, Jul Average, Ireland, IRL
13.2834,1962, Aug Average, Ireland, IRL
11.5172,1962, Sep Average, Ireland, IRL
10.1712,1962, Oct Average, Ireland, IRL
5.97948,1962, Nov Average, Ireland, IRL
4.66492,1962, Dec Average, Ireland, IRL
0.56122,1963, Jan Average, Ireland, IRL
1.93452,1963, Feb Average, Ireland, IRL
6.41601,1963, Mar Average, Ireland, IRL
7.77315,1963, Apr Average, Ireland, IRL
9.42157,1963, May Average, Ireland, IRL
13.3427,1963, Jun Average, Ireland, IRL
13.7044,1963, Jul Average, Ireland, IRL
13.2768,1963, Aug Average, Ireland, IRL
11.8009,1963, Sep Average, Ireland, IRL
10.7197,1963, Oct Average, Ireland, IRL
7.08727,1963, Nov Average, Ireland, IRL
4.18215,1963, Dec Average, Ireland, IRL
5.58863,1964, Jan Average, Ireland, IRL
5.19914,1964, Feb Average, Ireland, IRL
5.68032,1964, Mar Average, Ireland, IRL
8.12069,1964, Apr Average, Ireland, IRL
11.5325,1964, May Average, Ireland, IRL
12.4806,1964, Jun Average, Ireland, IRL
14.3942,1964, Jul Average, Ireland, IRL
13.942,1964, Aug Average, Ireland, IRL
13.1678,1964, Sep Average, Ireland, IRL
9.2632,1964, Oct Average, Ireland, IRL
7.5956,1964, Nov Average, Ireland, IRL
4.69774,1964, Dec Average, Ireland, IRL
3.49474,1965, Jan Average, Ireland, IRL
3.55776,1965, Feb Average, Ireland, IRL
5.9844,1965, Mar Average, Ireland, IRL
8.0689,1965, Apr Average, Ireland, IRL
10.6059,1965, May Average, Ireland, IRL
12.9859,1965, Jun Average, Ireland, IRL
13.2864,1965, Jul Average, Ireland, IRL
13.7684,1965, Aug Average, Ireland, IRL
11.1272,1965, Sep Average, Ireland, IRL
10.7743,1965, Oct Average, Ireland, IRL
4.89804,1965, Nov Average, Ireland, IRL
4.94011,1965, Dec Average, Ireland, IRL
4.35205,1966, Jan Average, Ireland, IRL
6.24941,1966, Feb Average, Ireland, IRL
7.09424,1966, Mar Average, Ireland, IRL
7.31043,1966, Apr Average, Ireland, IRL
10.241,1966, May Average, Ireland, IRL
13.654,1966, Jun Average, Ireland, IRL
14.1273,1966, Jul Average, Ireland, IRL
13.7818,1966, Aug Average, Ireland, IRL
13.3896,1966, Sep Average, Ireland, IRL
8.72655,1966, Oct Average, Ireland, IRL
5.26788,1966, Nov Average, Ireland, IRL
5.97348,1966, Dec Average, Ireland, IRL
5.07903,1967, Jan Average, Ireland, IRL
5.32469,1967, Feb Average, Ireland, IRL
6.36896,1967, Mar Average, Ireland, IRL
8.2674,1967, Apr Average, Ireland, IRL
8.76964,1967, May Average, Ireland, IRL
13.1176,1967, Jun Average, Ireland, IRL
14.569,1967, Jul Average, Ireland, IRL
13.8723,1967, Aug Average, Ireland, IRL
12.3937,1967, Sep Average, Ireland, IRL
9.29816,1967, Oct Average, Ireland, IRL
5.83967,1967, Nov Average, Ireland, IRL
5.44798,1967, Dec Average, Ireland, IRL
5.61323,1968, Jan Average, Ireland, IRL
2.62312,1968, Feb Average, Ireland, IRL
6.08474,1968, Mar Average, Ireland, IRL
7.39985,1968, Apr Average, Ireland, IRL
8.96502,1968, May Average, Ireland, IRL
13.3573,1968, Jun Average, Ireland, IRL
13.8376,1968, Jul Average, Ireland, IRL
14.6385,1968, Aug Average, Ireland, IRL
12.7875,1968, Sep Average, Ireland, IRL
12.0148,1968, Oct Average, Ireland, IRL
7.33741,1968, Nov Average, Ireland, IRL
4.79289,1968, Dec Average, Ireland, IRL
5.11722,1969, Jan Average, Ireland, IRL
1.93255,1969, Feb Average, Ireland, IRL
4.55276,1969, Mar Average, Ireland, IRL
7.50217,1969, Apr Average, Ireland, IRL
10.0408,1969, May Average, Ireland, IRL
12.6875,1969, Jun Average, Ireland, IRL
14.985,1969, Jul Average, Ireland, IRL
14.5904,1969, Aug Average, Ireland, IRL
12.8264,1969, Sep Average, Ireland, IRL
12.4636,1969, Oct Average, Ireland, IRL
4.96026,1969, Nov Average, Ireland, IRL
4.89699,1969, Dec Average, Ireland, IRL
4.59546,1970, Jan Average, Ireland, IRL
3.67512,1970, Feb Average, Ireland, IRL
4.90165,1970, Mar Average, Ireland, IRL
6.7999,1970, Apr Average, Ireland, IRL
11.5249,1970, May Average, Ireland, IRL
14.7835,1970, Jun Average, Ireland, IRL
13.8481,1970, Jul Average, Ireland, IRL
14.2125,1970, Aug Average, Ireland, IRL
12.8689,1970, Sep Average, Ireland, IRL
10.4606,1970, Oct Average, Ireland, IRL
7.09763,1970, Nov Average, Ireland, IRL
4.81645,1970, Dec Average, Ireland, IRL
5.46997,1971, Jan Average, Ireland, IRL
5.62622,1971, Feb Average, Ireland, IRL
5.74275,1971, Mar Average, Ireland, IRL
7.59401,1971, Apr Average, Ireland, IRL
10.2843,1971, May Average, Ireland, IRL
11.9522,1971, Jun Average, Ireland, IRL
15.0903,1971, Jul Average, Ireland, IRL
14.238,1971, Aug Average, Ireland, IRL
14.1164,1971, Sep Average, Ireland, IRL
11.7357,1971, Oct Average, Ireland, IRL
6.99219,1971, Nov Average, Ireland, IRL
7.07638,1971, Dec Average, Ireland, IRL
4.16207,1972, Jan Average, Ireland, IRL
4.94003,1972, Feb Average, Ireland, IRL
5.8084,1972, Mar Average, Ireland, IRL
8.03439,1972, Apr Average, Ireland, IRL
9.50624,1972, May Average, Ireland, IRL
10.7727,1972, Jun Average, Ireland, IRL
14.3794,1972, Jul Average, Ireland, IRL
13.2862,1972, Aug Average, Ireland, IRL
11.4563,1972, Sep Average, Ireland, IRL
10.5482,1972, Oct Average, Ireland, IRL
6.07199,1972, Nov Average, Ireland, IRL
6.50057,1972, Dec Average, Ireland, IRL
6.00513,1973, Jan Average, Ireland, IRL
5.22735,1973, Feb Average, Ireland, IRL
6.35904,1973, Mar Average, Ireland, IRL
7.22336,1973, Apr Average, Ireland, IRL
10.3087,1973, May Average, Ireland, IRL
13.2924,1973, Jun Average, Ireland, IRL
14.2439,1973, Jul Average, Ireland, IRL
14.8227,1973, Aug Average, Ireland, IRL
13.0534,1973, Sep Average, Ireland, IRL
9.61742,1973, Oct Average, Ireland, IRL
7.25627,1973, Nov Average, Ireland, IRL
5.63289,1973, Dec Average, Ireland, IRL
6.24646,1974, Jan Average, Ireland, IRL
5.53516,1974, Feb Average, Ireland, IRL
5.77898,1974, Mar Average, Ireland, IRL
8.29435,1974, Apr Average, Ireland, IRL
10.0329,1974, May Average, Ireland, IRL
12.5688,1974, Jun Average, Ireland, IRL
13.8663,1974, Jul Average, Ireland, IRL
13.8466,1974, Aug Average, Ireland, IRL
10.7673,1974, Sep Average, Ireland, IRL
7.8726,1974, Oct Average, Ireland, IRL
5.96215,1974, Nov Average, Ireland, IRL
7.67083,1974, Dec Average, Ireland, IRL
6.23569,1975, Jan Average, Ireland, IRL
6.25069,1975, Feb Average, Ireland, IRL
5.23527,1975, Mar Average, Ireland, IRL
8.07677,1975, Apr Average, Ireland, IRL
9.64141,1975, May Average, Ireland, IRL
13.5911,1975, Jun Average, Ireland, IRL
15.6515,1975, Jul Average, Ireland, IRL
15.7876,1975, Aug Average, Ireland, IRL
11.8944,1975, Sep Average, Ireland, IRL
10.5726,1975, Oct Average, Ireland, IRL
6.95993,1975, Nov Average, Ireland, IRL
5.6704,1975, Dec Average, Ireland, IRL
6.08279,1976, Jan Average, Ireland, IRL
5.45801,1976, Feb Average, Ireland, IRL
6.14579,1976, Mar Average, Ireland, IRL
8.1588,1976, Apr Average, Ireland, IRL
10.2353,1976, May Average, Ireland, IRL
14.5429,1976, Jun Average, Ireland, IRL
15.7716,1976, Jul Average, Ireland, IRL
16.0642,1976, Aug Average, Ireland, IRL
12.4919,1976, Sep Average, Ireland, IRL
9.1192,1976, Oct Average, Ireland, IRL
6.26633,1976, Nov Average, Ireland, IRL
2.95808,1976, Dec Average, Ireland, IRL
3.20878,1977, Jan Average, Ireland, IRL
5.02135,1977, Feb Average, Ireland, IRL
7.01601,1977, Mar Average, Ireland, IRL
7.23176,1977, Apr Average, Ireland, IRL
9.97496,1977, May Average, Ireland, IRL
11.853,1977, Jun Average, Ireland, IRL
15.1595,1977, Jul Average, Ireland, IRL
14.5578,1977, Aug Average, Ireland, IRL
12.3165,1977, Sep Average, Ireland, IRL
11.3042,1977, Oct Average, Ireland, IRL
5.47,1977, Nov Average, Ireland, IRL
6.6449,1977, Dec Average, Ireland, IRL
3.88212,1978, Jan Average, Ireland, IRL
3.7866,1978, Feb Average, Ireland, IRL
6.29905,1978, Mar Average, Ireland, IRL
6.87164,1978, Apr Average, Ireland, IRL
10.9587,1978, May Average, Ireland, IRL
12.3935,1978, Jun Average, Ireland, IRL
13.8381,1978, Jul Average, Ireland, IRL
13.9713,1978, Aug Average, Ireland, IRL
13.4195,1978, Sep Average, Ireland, IRL
11.5708,1978, Oct Average, Ireland, IRL
8.55173,1978, Nov Average, Ireland, IRL
5.13696,1978, Dec Average, Ireland, IRL
2.05321,1979, Jan Average, Ireland, IRL
3.03677,1979, Feb Average, Ireland, IRL
4.4982,1979, Mar Average, Ireland, IRL
6.99284,1979, Apr Average, Ireland, IRL
8.48408,1979, May Average, Ireland, IRL
12.7622,1979, Jun Average, Ireland, IRL
14.8332,1979, Jul Average, Ireland, IRL
13.5588,1979, Aug Average, Ireland, IRL
12.2878,1979, Sep Average, Ireland, IRL
10.5573,1979, Oct Average, Ireland, IRL
7.41937,1979, Nov Average, Ireland, IRL
5.26396,1979, Dec Average, Ireland, IRL
3.63987,1980, Jan Average, Ireland, IRL
5.88271,1980, Feb Average, Ireland, IRL
5.18122,1980, Mar Average, Ireland, IRL
8.39871,1980, Apr Average, Ireland, IRL
10.5715,1980, May Average, Ireland, IRL
12.5067,1980, Jun Average, Ireland, IRL
13.5436,1980, Jul Average, Ireland, IRL
14.5376,1980, Aug Average, Ireland, IRL
13.3284,1980, Sep Average, Ireland, IRL
8.74359,1980, Oct Average, Ireland, IRL
6.76666,1980, Nov Average, Ireland, IRL
6.09996,1980, Dec Average, Ireland, IRL
6.0845,1981, Jan Average, Ireland, IRL
4.79258,1981, Feb Average, Ireland, IRL
7.62508,1981, Mar Average, Ireland, IRL
8.1909,1981, Apr Average, Ireland, IRL
10.1441,1981, May Average, Ireland, IRL
12.4012,1981, Jun Average, Ireland, IRL
13.9802,1981, Jul Average, Ireland, IRL
15.295,1981, Aug Average, Ireland, IRL
13.4471,1981, Sep Average, Ireland, IRL
7.3297,1981, Oct Average, Ireland, IRL
7.81222,1981, Nov Average, Ireland, IRL
2.91569,1981, Dec Average, Ireland, IRL
4.56939,1982, Jan Average, Ireland, IRL
5.93549,1982, Feb Average, Ireland, IRL
6.01915,1982, Mar Average, Ireland, IRL
8.6281,1982, Apr Average, Ireland, IRL
10.3797,1982, May Average, Ireland, IRL
13.6656,1982, Jun Average, Ireland, IRL
15.2059,1982, Jul Average, Ireland, IRL
14.2873,1982, Aug Average, Ireland, IRL
12.5931,1982, Sep Average, Ireland, IRL
9.68863,1982, Oct Average, Ireland, IRL
6.74393,1982, Nov Average, Ireland, IRL
4.80991,1982, Dec Average, Ireland, IRL
6.32975,1983, Jan Average, Ireland, IRL
3.28622,1983, Feb Average, Ireland, IRL
6.98376,1983, Mar Average, Ireland, IRL
5.93405,1983, Apr Average, Ireland, IRL
9.20785,1983, May Average, Ireland, IRL
12.9233,1983, Jun Average, Ireland, IRL
16.9993,1983, Jul Average, Ireland, IRL
16.2916,1983, Aug Average, Ireland, IRL
12.6897,1983, Sep Average, Ireland, IRL
9.8542,1983, Oct Average, Ireland, IRL
8.00137,1983, Nov Average, Ireland, IRL
6.90624,1983, Dec Average, Ireland, IRL
3.66909,1984, Jan Average, Ireland, IRL
5.38674,1984, Feb Average, Ireland, IRL
4.94963,1984, Mar Average, Ireland, IRL
8.67292,1984, Apr Average, Ireland, IRL
9.6081,1984, May Average, Ireland, IRL
13.2857,1984, Jun Average, Ireland, IRL
15.5568,1984, Jul Average, Ireland, IRL
15.8886,1984, Aug Average, Ireland, IRL
12.4886,1984, Sep Average, Ireland, IRL
10.0535,1984, Oct Average, Ireland, IRL
6.25633,1984, Nov Average, Ireland, IRL
5.83104,1984, Dec Average, Ireland, IRL
1.9514,1985, Jan Average, Ireland, IRL
4.76167,1985, Feb Average, Ireland, IRL
5.27608,1985, Mar Average, Ireland, IRL
8.45387,1985, Apr Average, Ireland, IRL
9.84468,1985, May Average, Ireland, IRL
11.8806,1985, Jun Average, Ireland, IRL
14.2799,1985, Jul Average, Ireland, IRL
12.9129,1985, Aug Average, Ireland, IRL
13.5297,1985, Sep Average, Ireland, IRL
10.4559,1985, Oct Average, Ireland, IRL
4.54968,1985, Nov Average, Ireland, IRL
6.30615,1985, Dec Average, Ireland, IRL
4.20523,1986, Jan Average, Ireland, IRL
1.10844,1986, Feb Average, Ireland, IRL
5.47254,1986, Mar Average, Ireland, IRL
5.56019,1986, Apr Average, Ireland, IRL
9.58257,1986, May Average, Ireland, IRL
13.1341,1986, Jun Average, Ireland, IRL
14.1761,1986, Jul Average, Ireland, IRL
12.0258,1986, Aug Average, Ireland, IRL
11.0492,1986, Sep Average, Ireland, IRL
10.1602,1986, Oct Average, Ireland, IRL
7.25215,1986, Nov Average, Ireland, IRL
5.6976,1986, Dec Average, Ireland, IRL
3.41509,1987, Jan Average, Ireland, IRL
4.53867,1987, Feb Average, Ireland, IRL
5.24931,1987, Mar Average, Ireland, IRL
9.27622,1987, Apr Average, Ireland, IRL
9.89164,1987, May Average, Ireland, IRL
11.9184,1987, Jun Average, Ireland, IRL
15.0326,1987, Jul Average, Ireland, IRL
14.5856,1987, Aug Average, Ireland, IRL
12.2075,1987, Sep Average, Ireland, IRL
8.41143,1987, Oct Average, Ireland, IRL
6.77915,1987, Nov Average, Ireland, IRL
6.61397,1987, Dec Average, Ireland, IRL
4.96458,1988, Jan Average, Ireland, IRL
4.76854,1988, Feb Average, Ireland, IRL
6.79674,1988, Mar Average, Ireland, IRL
8.50034,1988, Apr Average, Ireland, IRL
10.5805,1988, May Average, Ireland, IRL
13.8698,1988, Jun Average, Ireland, IRL
13.4587,1988, Jul Average, Ireland, IRL
13.6886,1988, Aug Average, Ireland, IRL
12.014,1988, Sep Average, Ireland, IRL
9.86921,1988, Oct Average, Ireland, IRL
6.49992,1988, Nov Average, Ireland, IRL
7.87587,1988, Dec Average, Ireland, IRL
7.14391,1989, Jan Average, Ireland, IRL
6.0026,1989, Feb Average, Ireland, IRL
6.73735,1989, Mar Average, Ireland, IRL
6.2945,1989, Apr Average, Ireland, IRL
11.6557,1989, May Average, Ireland, IRL
13.1867,1989, Jun Average, Ireland, IRL
16.7996,1989, Jul Average, Ireland, IRL
15.0787,1989, Aug Average, Ireland, IRL
12.7318,1989, Sep Average, Ireland, IRL
11.116,1989, Oct Average, Ireland, IRL
6.80351,1989, Nov Average, Ireland, IRL
4.88824,1989, Dec Average, Ireland, IRL
6.33159,1990, Jan Average, Ireland, IRL
6.30886,1990, Feb Average, Ireland, IRL
8.14543,1990, Mar Average, Ireland, IRL
7.71979,1990, Apr Average, Ireland, IRL
12.0558,1990, May Average, Ireland, IRL
12.5804,1990, Jun Average, Ireland, IRL
15.5507,1990, Jul Average, Ireland, IRL
15.6718,1990, Aug Average, Ireland, IRL
12.0782,1990, Sep Average, Ireland, IRL
10.7654,1990, Oct Average, Ireland, IRL
6.66768,1990, Nov Average, Ireland, IRL
4.62845,1990, Dec Average, Ireland, IRL
3.88835,1991, Jan Average, Ireland, IRL
3.40125,1991, Feb Average, Ireland, IRL
7.41071,1991, Mar Average, Ireland, IRL
7.82138,1991, Apr Average, Ireland, IRL
10.9145,1991, May Average, Ireland, IRL
11.8027,1991, Jun Average, Ireland, IRL
15.5926,1991, Jul Average, Ireland, IRL
15.4398,1991, Aug Average, Ireland, IRL
13.7431,1991, Sep Average, Ireland, IRL
9.23235,1991, Oct Average, Ireland, IRL
6.58217,1991, Nov Average, Ireland, IRL
6.37421,1991, Dec Average, Ireland, IRL
5.25798,1992, Jan Average, Ireland, IRL
6.29051,1992, Feb Average, Ireland, IRL
7.33933,1992, Mar Average, Ireland, IRL
7.97665,1992, Apr Average, Ireland, IRL
11.8396,1992, May Average, Ireland, IRL
14.3009,1992, Jun Average, Ireland, IRL
15.0111,1992, Jul Average, Ireland, IRL
13.4087,1992, Aug Average, Ireland, IRL
11.1697,1992, Sep Average, Ireland, IRL
7.50975,1992, Oct Average, Ireland, IRL
7.1633,1992, Nov Average, Ireland, IRL
4.6021,1992, Dec Average, Ireland, IRL
6.00429,1993, Jan Average, Ireland, IRL
6.49864,1993, Feb Average, Ireland, IRL
6.61465,1993, Mar Average, Ireland, IRL
9.01022,1993, Apr Average, Ireland, IRL
10.1468,1993, May Average, Ireland, IRL
13.193,1993, Jun Average, Ireland, IRL
14.0143,1993, Jul Average, Ireland, IRL
13.4543,1993, Aug Average, Ireland, IRL
11.7978,1993, Sep Average, Ireland, IRL
7.56917,1993, Oct Average, Ireland, IRL
6.09707,1993, Nov Average, Ireland, IRL
5.42294,1993, Dec Average, Ireland, IRL
5.20634,1994, Jan Average, Ireland, IRL
4.46257,1994, Feb Average, Ireland, IRL
6.95473,1994, Mar Average, Ireland, IRL
7.29588,1994, Apr Average, Ireland, IRL
9.81724,1994, May Average, Ireland, IRL
12.3371,1994, Jun Average, Ireland, IRL
14.6928,1994, Jul Average, Ireland, IRL
13.8759,1994, Aug Average, Ireland, IRL
11.6978,1994, Sep Average, Ireland, IRL
10.052,1994, Oct Average, Ireland, IRL
9.35606,1994, Nov Average, Ireland, IRL
6.56147,1994, Dec Average, Ireland, IRL
4.96684,1995, Jan Average, Ireland, IRL
6.09826,1995, Feb Average, Ireland, IRL
5.46008,1995, Mar Average, Ireland, IRL
8.44373,1995, Apr Average, Ireland, IRL
10.3428,1995, May Average, Ireland, IRL
13.712,1995, Jun Average, Ireland, IRL
16.45,1995, Jul Average, Ireland, IRL
17.2233,1995, Aug Average, Ireland, IRL
12.7461,1995, Sep Average, Ireland, IRL
11.954,1995, Oct Average, Ireland, IRL
7.8302,1995, Nov Average, Ireland, IRL
3.99757,1995, Dec Average, Ireland, IRL
5.72451,1996, Jan Average, Ireland, IRL
3.86292,1996, Feb Average, Ireland, IRL
5.39088,1996, Mar Average, Ireland, IRL
8.33557,1996, Apr Average, Ireland, IRL
8.59231,1996, May Average, Ireland, IRL
13.0633,1996, Jun Average, Ireland, IRL
14.7163,1996, Jul Average, Ireland, IRL
14.5225,1996, Aug Average, Ireland, IRL
13.3832,1996, Sep Average, Ireland, IRL
10.8168,1996, Oct Average, Ireland, IRL
6.03414,1996, Nov Average, Ireland, IRL
4.16692,1996, Dec Average, Ireland, IRL
4.10297,1997, Jan Average, Ireland, IRL
6.27963,1997, Feb Average, Ireland, IRL
7.83052,1997, Mar Average, Ireland, IRL
9.43345,1997, Apr Average, Ireland, IRL
11.0374,1997, May Average, Ireland, IRL
12.794,1997, Jun Average, Ireland, IRL
15.1827,1997, Jul Average, Ireland, IRL
16.1399,1997, Aug Average, Ireland, IRL
13.2546,1997, Sep Average, Ireland, IRL
10.7217,1997, Oct Average, Ireland, IRL
8.23724,1997, Nov Average, Ireland, IRL
6.35143,1997, Dec Average, Ireland, IRL
5.46139,1998, Jan Average, Ireland, IRL
7.75915,1998, Feb Average, Ireland, IRL
8.04138,1998, Mar Average, Ireland, IRL
7.26036,1998, Apr Average, Ireland, IRL
11.5644,1998, May Average, Ireland, IRL
12.7781,1998, Jun Average, Ireland, IRL
14.237,1998, Jul Average, Ireland, IRL
14.7679,1998, Aug Average, Ireland, IRL
13.651,1998, Sep Average, Ireland, IRL
10.2644,1998, Oct Average, Ireland, IRL
7.17768,1998, Nov Average, Ireland, IRL
6.31649,1998, Dec Average, Ireland, IRL
5.42275,1999, Jan Average, Ireland, IRL
6.18007,1999, Feb Average, Ireland, IRL
6.99751,1999, Mar Average, Ireland, IRL
9.01121,1999, Apr Average, Ireland, IRL
11.6829,1999, May Average, Ireland, IRL
12.284,1999, Jun Average, Ireland, IRL
15.8391,1999, Jul Average, Ireland, IRL
14.9926,1999, Aug Average, Ireland, IRL
13.7046,1999, Sep Average, Ireland, IRL
10.3916,1999, Oct Average, Ireland, IRL
7.52668,1999, Nov Average, Ireland, IRL
5.02191,1999, Dec Average, Ireland, IRL
5.1924,2000, Jan Average, Ireland, IRL
6.37357,2000, Feb Average, Ireland, IRL
7.40834,2000, Mar Average, Ireland, IRL
7.04412,2000, Apr Average, Ireland, IRL
11.0925,2000, May Average, Ireland, IRL
13.3205,2000, Jun Average, Ireland, IRL
15.1164,2000, Jul Average, Ireland, IRL
15.1272,2000, Aug Average, Ireland, IRL
13.2578,2000, Sep Average, Ireland, IRL
9.32777,2000, Oct Average, Ireland, IRL
6.21177,2000, Nov Average, Ireland, IRL
5.28488,2000, Dec Average, Ireland, IRL
3.92622,2001, Jan Average, Ireland, IRL
4.72727,2001, Feb Average, Ireland, IRL
5.46071,2001, Mar Average, Ireland, IRL
7.52799,2001, Apr Average, Ireland, IRL
11.616,2001, May Average, Ireland, IRL
12.801,2001, Jun Average, Ireland, IRL
14.7668,2001, Jul Average, Ireland, IRL
14.6733,2001, Aug Average, Ireland, IRL
13.0165,2001, Sep Average, Ireland, IRL
11.9287,2001, Oct Average, Ireland, IRL
8.18751,2001, Nov Average, Ireland, IRL
5.03227,2001, Dec Average, Ireland, IRL
6.92506,2002, Jan Average, Ireland, IRL
6.49325,2002, Feb Average, Ireland, IRL
7.33225,2002, Mar Average, Ireland, IRL
8.57355,2002, Apr Average, Ireland, IRL
10.6911,2002, May Average, Ireland, IRL
12.5711,2002, Jun Average, Ireland, IRL
13.9878,2002, Jul Average, Ireland, IRL
14.7493,2002, Aug Average, Ireland, IRL
13.2891,2002, Sep Average, Ireland, IRL
9.45966,2002, Oct Average, Ireland, IRL
8.10291,2002, Nov Average, Ireland, IRL
5.80929,2002, Dec Average, Ireland, IRL
4.96149,2003, Jan Average, Ireland, IRL
5.33088,2003, Feb Average, Ireland, IRL
7.45917,2003, Mar Average, Ireland, IRL
9.52211,2003, Apr Average, Ireland, IRL
10.5567,2003, May Average, Ireland, IRL
13.7891,2003, Jun Average, Ireland, IRL
15.569,2003, Jul Average, Ireland, IRL
15.9245,2003, Aug Average, Ireland, IRL
13.321,2003, Sep Average, Ireland, IRL
9.2359,2003, Oct Average, Ireland, IRL
7.8595,2003, Nov Average, Ireland, IRL
5.69227,2003, Dec Average, Ireland, IRL
5.61909,2004, Jan Average, Ireland, IRL
5.35369,2004, Feb Average, Ireland, IRL
6.77395,2004, Mar Average, Ireland, IRL
8.66126,2004, Apr Average, Ireland, IRL
10.8515,2004, May Average, Ireland, IRL
13.8645,2004, Jun Average, Ireland, IRL
14.145,2004, Jul Average, Ireland, IRL
15.3554,2004, Aug Average, Ireland, IRL
13.5233,2004, Sep Average, Ireland, IRL
8.91484,2004, Oct Average, Ireland, IRL
8.07292,2004, Nov Average, Ireland, IRL
6.58661,2004, Dec Average, Ireland, IRL
6.50409,2005, Jan Average, Ireland, IRL
5.00175,2005, Feb Average, Ireland, IRL
7.61894,2005, Mar Average, Ireland, IRL
8.23745,2005, Apr Average, Ireland, IRL
10.0593,2005, May Average, Ireland, IRL
14.0073,2005, Jun Average, Ireland, IRL
15.2362,2005, Jul Average, Ireland, IRL
14.9134,2005, Aug Average, Ireland, IRL
13.5634,2005, Sep Average, Ireland, IRL
11.2328,2005, Oct Average, Ireland, IRL
6.73796,2005, Nov Average, Ireland, IRL
5.96892,2005, Dec Average, Ireland, IRL
5.39212,2006, Jan Average, Ireland, IRL
5.19283,2006, Feb Average, Ireland, IRL
5.57034,2006, Mar Average, Ireland, IRL
8.00914,2006, Apr Average, Ireland, IRL
10.5183,2006, May Average, Ireland, IRL
14.2341,2006, Jun Average, Ireland, IRL
16.6722,2006, Jul Average, Ireland, IRL
14.8526,2006, Aug Average, Ireland, IRL
14.4463,2006, Sep Average, Ireland, IRL
11.675,2006, Oct Average, Ireland, IRL
7.43538,2006, Nov Average, Ireland, IRL
6.47651,2006, Dec Average, Ireland, IRL
6.48079,2007, Jan Average, Ireland, IRL
5.88093,2007, Feb Average, Ireland, IRL
6.78604,2007, Mar Average, Ireland, IRL
10.3716,2007, Apr Average, Ireland, IRL
10.9296,2007, May Average, Ireland, IRL
13.7803,2007, Jun Average, Ireland, IRL
14.3802,2007, Jul Average, Ireland, IRL
14.4485,2007, Aug Average, Ireland, IRL
12.9768,2007, Sep Average, Ireland, IRL
11.4884,2007, Oct Average, Ireland, IRL
8.41966,2007, Nov Average, Ireland, IRL
6.50523,2007, Dec Average, Ireland, IRL
6.11025,2008, Jan Average, Ireland, IRL
6.09554,2008, Feb Average, Ireland, IRL
6.1289,2008, Mar Average, Ireland, IRL
7.84213,2008, Apr Average, Ireland, IRL
12.2963,2008, May Average, Ireland, IRL
13.0186,2008, Jun Average, Ireland, IRL
14.9767,2008, Jul Average, Ireland, IRL
14.8285,2008, Aug Average, Ireland, IRL
12.3021,2008, Sep Average, Ireland, IRL
9.12333,2008, Oct Average, Ireland, IRL
6.96422,2008, Nov Average, Ireland, IRL
4.89918,2008, Dec Average, Ireland, IRL
4.48826,2009, Jan Average, Ireland, IRL
5.22779,2009, Feb Average, Ireland, IRL
7.09263,2009, Mar Average, Ireland, IRL
8.88527,2009, Apr Average, Ireland, IRL
10.7092,2009, May Average, Ireland, IRL
14.0838,2009, Jun Average, Ireland, IRL
14.9517,2009, Jul Average, Ireland, IRL
14.6427,2009, Aug Average, Ireland, IRL
12.7363,2009, Sep Average, Ireland, IRL
11.2184,2009, Oct Average, Ireland, IRL
7.27594,2009, Nov Average, Ireland, IRL
3.52271,2009, Dec Average, Ireland, IRL
2.44716,2010, Jan Average, Ireland, IRL
2.86393,2010, Feb Average, Ireland, IRL
5.57075,2010, Mar Average, Ireland, IRL
8.50556,2010, Apr Average, Ireland, IRL
10.2904,2010, May Average, Ireland, IRL
14.3498,2010, Jun Average, Ireland, IRL
15.1433,2010, Jul Average, Ireland, IRL
14.0555,2010, Aug Average, Ireland, IRL
13.3875,2010, Sep Average, Ireland, IRL
10.0629,2010, Oct Average, Ireland, IRL
5.12926,2010, Nov Average, Ireland, IRL
1.7803,2010, Dec Average, Ireland, IRL
3.51253,2011, Jan Average, Ireland, IRL
6.45207,2011, Feb Average, Ireland, IRL
6.41389,2011, Mar Average, Ireland, IRL
10.3585,2011, Apr Average, Ireland, IRL
11.0283,2011, May Average, Ireland, IRL
11.9251,2011, Jun Average, Ireland, IRL
13.9431,2011, Jul Average, Ireland, IRL
13.4881,2011, Aug Average, Ireland, IRL
13.1558,2011, Sep Average, Ireland, IRL
11.0698,2011, Oct Average, Ireland, IRL
9.17745,2011, Nov Average, Ireland, IRL
5.85065,2011, Dec Average, Ireland, IRL
6.41342,2012, Jan Average, Ireland, IRL
6.84726,2012, Feb Average, Ireland, IRL
8.47679,2012, Mar Average, Ireland, IRL
7.07172,2012, Apr Average, Ireland, IRL
10.5548,2012, May Average, Ireland, IRL
12.4629,2012, Jun Average, Ireland, IRL
13.7922,2012, Jul Average, Ireland, IRL
15.2338,2012, Aug Average, Ireland, IRL
12.1644,2012, Sep Average, Ireland, IRL
8.75672,2012, Oct Average, Ireland, IRL
5.99675,2012, Nov Average, Ireland, IRL
5.51352,2012, Dec Average, Ireland, IRL
5.12768,2013, Jan Average, Ireland, IRL
4.6858,2013, Feb Average, Ireland, IRL
4.2011,2013, Mar Average, Ireland, IRL
9.39989,2013, Apr Average, Ireland, IRL
9.66752,2013, May Average, Ireland, IRL
13.1064,2013, Jun Average, Ireland, IRL
16.7878,2013, Jul Average, Ireland, IRL
15.2201,2013, Aug Average, Ireland, IRL
13.2208,2013, Sep Average, Ireland, IRL
10.9903,2013, Oct Average, Ireland, IRL
6.9072,2013, Nov Average, Ireland, IRL
6.67047,2013, Dec Average, Ireland, IRL
5.28465,2014, Jan Average, Ireland, IRL
5.28644,2014, Feb Average, Ireland, IRL
6.80391,2014, Mar Average, Ireland, IRL
9.59549,2014, Apr Average, Ireland, IRL
11.062,2014, May Average, Ireland, IRL
14.0371,2014, Jun Average, Ireland, IRL
16.1029,2014, Jul Average, Ireland, IRL
13.9883,2014, Aug Average, Ireland, IRL
13.9382,2014, Sep Average, Ireland, IRL
10.8565,2014, Oct Average, Ireland, IRL
7.57424,2014, Nov Average, Ireland, IRL
5.70139,2014, Dec Average, Ireland, IRL
5.2083,2015, Jan Average, Ireland, IRL
4.57614,2015, Feb Average, Ireland, IRL
6.06684,2015, Mar Average, Ireland, IRL
8.20878,2015, Apr Average, Ireland, IRL
9.77426,2015, May Average, Ireland, IRL
12.5479,2015, Jun Average, Ireland, IRL
14.3861,2015, Jul Average, Ireland, IRL
14.5202,2015, Aug Average, Ireland, IRL
12.1483,2015, Sep Average, Ireland, IRL
10.3369,2015, Oct Average, Ireland, IRL
8.54375,2015, Nov Average, Ireland, IRL
7.85946,2015, Dec Average, Ireland, IRL
5.7706,2016, Jan Average, Ireland, IRL
4.8137,2016, Feb Average, Ireland, IRL
6.2681,2016, Mar Average, Ireland, IRL
7.03313,2016, Apr Average, Ireland, IRL
11.4049,2016, May Average, Ireland, IRL
14.2497,2016, Jun Average, Ireland, IRL
14.9929,2016, Jul Average, Ireland, IRL
15.1604,2016, Aug Average, Ireland, IRL
13.7029,2016, Sep Average, Ireland, IRL
10.3238,2016, Oct Average, Ireland, IRL
5.63055,2016, Nov Average, Ireland, IRL
6.43932,2016, Dec Average, Ireland, IRL
